{"is_source_file": true, "format": "JavaScript (React JSX)", "description": "This file is the entry point for a React application, responsible for rendering the main <App /> component into the DOM.", "external_files": ["react", "react-dom/client", "./index.css", "./App"], "external_methods": ["ReactDOM.createRoot", "root.render"], "published": [], "classes": [], "methods": [{"name": "ReactDOM.createRoot", "description": "Creates a root to render a React component tree into the DOM."}, {"name": "root.render", "description": "Renders React elements into the DOM root."}], "calls": ["ReactDOM.createRoot", "root.render", "React.StrictMode", "App"], "search-terms": ["index.js", "React", "ReactDOM", "createRoot", "render", "App", "StrictMode"], "state": 2, "file_id": 5, "knowledge_revision": 23, "git_revision": "7b30dc2dbb6e4847abaeb3f125d021a9d16d5b5e", "ctags": [{"_type": "tag", "name": "root", "path": "/home/kavia/workspace/code-generation/simple-notes-app-315314-315346/notes_frontend/src/index.js", "pattern": "/^const root = ReactDOM.createRoot(document.getElementById('root'));$/", "language": "JavaScript", "kind": "constant"}], "hash": "9fc5841375336fc175b49f8767a11383", "format-version": 4, "code-base-name": "notes_frontend", "filename": "notes_frontend/src/index.js", "revision_history": [{"23": "7b30dc2dbb6e4847abaeb3f125d021a9d16d5b5e"}]}