{"is_source_file": false, "format": "", "description": "", "external_files": [], "external_methods": [], "published": [], "classes": [], "methods": [], "calls": [], "search-terms": [], "state": 2, "file_id": 10, "knowledge_revision": 20, "git_revision": "7b30dc2dbb6e4847abaeb3f125d021a9d16d5b5e", "hash": "ebece526bc2eadd78ddd787a76c56607", "format-version": 4, "code-base-name": "notes_frontend", "filename": "notes_frontend/README.md", "revision_history": [{"20": "7b30dc2dbb6e4847abaeb3f125d021a9d16d5b5e"}]}