{"is_source_file": false, "format": "", "description": "", "external_files": [], "external_methods": [], "published": [], "classes": [], "methods": [], "calls": [], "search-terms": [], "state": 2, "file_id": 2, "knowledge_revision": 16, "git_revision": "7b30dc2dbb6e4847abaeb3f125d021a9d16d5b5e", "hash": "d2b40d02d5f7873d8a6713bad837edd4", "format-version": 4, "code-base-name": "notes_frontend", "filename": "notes_frontend/public/index.html", "revision_history": [{"16": "7b30dc2dbb6e4847abaeb3f125d021a9d16d5b5e"}]}