{"is_source_file": false, "format": "", "description": "", "external_files": [], "external_methods": [], "published": [], "classes": [], "methods": [], "calls": [], "search-terms": [], "state": 2, "file_id": 6, "knowledge_revision": 15, "git_revision": "7b30dc2dbb6e4847abaeb3f125d021a9d16d5b5e", "hash": "6c2104b8d219ed99234ae2d6329f4357", "format-version": 4, "code-base-name": "notes_frontend", "filename": "notes_frontend/src/index.css", "revision_history": [{"15": "7b30dc2dbb6e4847abaeb3f125d021a9d16d5b5e"}]}