{"is_source_file": true, "format": "JavaScript Module (ESM)", "description": "ESLint configuration file in JavaScript format, setting up linting rules, plugins, and environment for a frontend JavaScript project.", "external_files": ["@eslint/js", "eslint-plugin-react"], "external_methods": [], "published": [], "classes": [], "methods": [], "calls": ["pluginJs", "pluginReact", "pluginJs.configs.recommended"], "search-terms": ["eslint", "eslint-config", "plugin-react", "ESM", "linting rules"], "state": 2, "file_id": 3, "knowledge_revision": 17, "git_revision": "7b30dc2dbb6e4847abaeb3f125d021a9d16d5b5e", "hash": "be6538e7523bc2e9da0743133d784136", "format-version": 4, "code-base-name": "notes_frontend", "filename": "notes_frontend/eslint.config.mjs", "revision_history": [{"17": "7b30dc2dbb6e4847abaeb3f125d021a9d16d5b5e"}]}